{
  "token_acc":1.0,
  "token_p":1.0,
  "token_r":1.0,
  "token_f":1.0,
  "ents_p":0.8507992895,
  "ents_r":0.8599640934,
  "ents_f":0.8553571429,
  "ents_per_type":{
    "ORGANIZATION":{
      "p":0.8928571429,
      "r":0.8196721311,
      "f":0.8547008547
    },
    "MONEY":{
      "p":0.9210526316,
      "r":0.9210526316,
      "f":0.9210526316
    },
    "PRODUCT":{
      "p":0.6956521739,
      "r":0.6956521739,
      "f":0.6956521739
    },
    "PERCENT":{
      "p":1.0,
      "r":1.0,
      "f":1.0
    },
    "GPE":{
      "p":0.8620689655,
      "r":0.9615384615,
      "f":0.9090909091
    },
    "EVENT":{
      "p":0.8,
      "r":0.7407407407,
      "f":0.7692307692
    },
    "DATE":{
      "p":0.8372093023,
      "r":0.9473684211,
      "f":0.8888888889
    },
    "WORK OF ART":{
      "p":0.7,
      "r":0.5675675676,
      "f":0.6268656716
    },
    "LANGUAGE":{
      "p":1.0,
      "r":0.8,
      "f":0.8888888889
    },
    "TIME":{
      "p":0.7272727273,
      "r":0.8,
      "f":0.7619047619
    },
    "NORP":{
      "p":0.7692307692,
      "r":0.6666666667,
      "f":0.7142857143
    },
    "LAW":{
      "p":1.0,
      "r":0.8571428571,
      "f":0.9230769231
    },
    "PERSON":{
      "p":0.9425287356,
      "r":0.9761904762,
      "f":0.9590643275
    },
    "FACILITY":{
      "p":0.6333333333,
      "r":0.95,
      "f":0.76
    },
    "LOCATION":{
      "p":0.7727272727,
      "r":0.8095238095,
      "f":0.7906976744
    },
    "CARDINAL":{
      "p":0.9473684211,
      "r":0.8571428571,
      "f":0.9
    },
    "ORDINAL":{
      "p":0.7692307692,
      "r":1.0,
      "f":0.8695652174
    },
    "QUANTITY":{
      "p":0.8387096774,
      "r":0.8965517241,
      "f":0.8666666667
    }
  },
  "speed":8289.7805881467
}