{
  "token_acc":0.9991895451,
  "token_p":0.9969607942,
  "token_r":0.9976682887,
  "token_f":0.997314416,
  "ents_p":0.7431059507,
  "ents_r":0.751835536,
  "ents_f":0.7474452555,
  "ents_per_type":{
    "NORP":{
      "p":0.6851851852,
      "r":0.7254901961,
      "f":0.7047619048
    },
    "PERSON":{
      "p":0.9055555556,
      "r":0.9314285714,
      "f":0.9183098592
    },
    "GPE":{
      "p":0.8641975309,
      "r":0.9090909091,
      "f":0.8860759494
    },
    "EVENT":{
      "p":0.6,
      "r":0.1666666667,
      "f":0.2608695652
    },
    "ORGANIZATION":{
      "p":0.7314814815,
      "r":0.5448275862,
      "f":0.6245059289
    },
    "DATE":{
      "p":0.6785714286,
      "r":0.8507462687,
      "f":0.7549668874
    },
    "FACILITY":{
      "p":0.5714285714,
      "r":0.6153846154,
      "f":0.5925925926
    },
    "CARDINAL":{
      "p":0.8387096774,
      "r":0.8125,
      "f":0.8253968254
    },
    "LAW":{
      "p":0.0,
      "r":0.0,
      "f":0.0
    },
    "PERCENT":{
      "p":0.5,
      "r":0.5,
      "f":0.5
    },
    "MONEY":{
      "p":1.0,
      "r":1.0,
      "f":1.0
    },
    "WORK OF ART":{
      "p":0.2666666667,
      "r":0.25,
      "f":0.2580645161
    },
    "TIME":{
      "p":0.1764705882,
      "r":0.2727272727,
      "f":0.2142857143
    },
    "QUANTITY":{
      "p":0.6666666667,
      "r":0.8571428571,
      "f":0.75
    },
    "ORDINAL":{
      "p":0.7,
      "r":1.0,
      "f":0.8235294118
    },
    "PRODUCT":{
      "p":0.2352941176,
      "r":1.0,
      "f":0.380952381
    },
    "LOCATION":{
      "p":0.2727272727,
      "r":0.5,
      "f":0.3529411765
    },
    "LANGUAGE":{
      "p":0.0,
      "r":0.0,
      "f":0.0
    }
  },
  "speed":1920.1795380614
}