{
  "token_acc":1.0,
  "token_p":1.0,
  "token_r":1.0,
  "token_f":1.0,
  "ents_p":0.7796363636,
  "ents_r":0.8078372268,
  "ents_f":0.7934863064,
  "ents_per_type":{
    "PERSON":{
      "p":0.7942583732,
      "r":0.8691099476,
      "f":0.83
    },
    "NORP":{
      "p":0.7619047619,
      "r":0.7804878049,
      "f":0.7710843373
    },
    "DATE":{
      "p":0.7512690355,
      "r":0.8131868132,
      "f":0.7810026385
    },
    "CARDINAL":{
      "p":0.8774193548,
      "r":0.8095238095,
      "f":0.8421052632
    },
    "QUANTITY":{
      "p":0.7,
      "r":0.75,
      "f":0.724137931
    },
    "FACILITY":{
      "p":0.5757575758,
      "r":0.76,
      "f":0.6551724138
    },
    "TIME":{
      "p":0.7727272727,
      "r":0.9444444444,
      "f":0.85
    },
    "ORGANIZATION":{
      "p":0.8137651822,
      "r":0.8072289157,
      "f":0.810483871
    },
    "PRODUCT":{
      "p":0.5223880597,
      "r":0.6140350877,
      "f":0.564516129
    },
    "ORDINAL":{
      "p":0.4090909091,
      "r":0.8181818182,
      "f":0.5454545455
    },
    "GPE":{
      "p":0.8581560284,
      "r":0.8962962963,
      "f":0.8768115942
    },
    "MONEY":{
      "p":0.9722222222,
      "r":0.9722222222,
      "f":0.9722222222
    },
    "WORK OF ART":{
      "p":0.6129032258,
      "r":0.5,
      "f":0.5507246377
    },
    "LOCATION":{
      "p":0.7111111111,
      "r":0.6956521739,
      "f":0.7032967033
    },
    "EVENT":{
      "p":0.7857142857,
      "r":0.5789473684,
      "f":0.6666666667
    },
    "LAW":{
      "p":0.5,
      "r":0.5294117647,
      "f":0.5142857143
    },
    "PERCENT":{
      "p":1.0,
      "r":1.0,
      "f":1.0
    },
    "LANGUAGE":{
      "p":0.7647058824,
      "r":0.7647058824,
      "f":0.7647058824
    }
  },
  "speed":1316.1290198597
}