{
  "token_acc":0.9991895451,
  "token_p":0.9969607942,
  "token_r":0.9976682887,
  "token_f":0.997314416,
  "ents_p":0.7214285714,
  "ents_r":0.7415565345,
  "ents_f":0.7313540912,
  "ents_per_type":{
    "NORP":{
      "p":0.7142857143,
      "r":0.7843137255,
      "f":0.7476635514
    },
    "PERSON":{
      "p":0.8983050847,
      "r":0.9085714286,
      "f":0.9034090909
    },
    "GPE":{
      "p":0.8139534884,
      "r":0.9090909091,
      "f":0.8588957055
    },
    "ORGANIZATION":{
      "p":0.6585365854,
      "r":0.5586206897,
      "f":0.6044776119
    },
    "ORDINAL":{
      "p":0.5,
      "r":0.8571428571,
      "f":0.6315789474
    },
    "DATE":{
      "p":0.7402597403,
      "r":0.8507462687,
      "f":0.7916666667
    },
    "FACILITY":{
      "p":0.3846153846,
      "r":0.3846153846,
      "f":0.3846153846
    },
    "CARDINAL":{
      "p":0.7692307692,
      "r":0.78125,
      "f":0.7751937984
    },
    "LAW":{
      "p":0.1666666667,
      "r":0.3333333333,
      "f":0.2222222222
    },
    "PERCENT":{
      "p":0.5,
      "r":0.5,
      "f":0.5
    },
    "MONEY":{
      "p":1.0,
      "r":1.0,
      "f":1.0
    },
    "EVENT":{
      "p":0.5714285714,
      "r":0.2222222222,
      "f":0.32
    },
    "WORK OF ART":{
      "p":0.1333333333,
      "r":0.125,
      "f":0.1290322581
    },
    "TIME":{
      "p":0.1666666667,
      "r":0.2727272727,
      "f":0.2068965517
    },
    "LANGUAGE":{
      "p":0.0,
      "r":0.0,
      "f":0.0
    },
    "QUANTITY":{
      "p":0.7,
      "r":1.0,
      "f":0.8235294118
    },
    "LOCATION":{
      "p":0.375,
      "r":0.5,
      "f":0.4285714286
    },
    "PRODUCT":{
      "p":0.1428571429,
      "r":0.25,
      "f":0.1818181818
    }
  },
  "speed":6139.1068853557
}