{
  "token_acc":1.0,
  "token_p":1.0,
  "token_r":1.0,
  "token_f":1.0,
  "ents_p":0.8987566607,
  "ents_r":0.908438061,
  "ents_f":0.9035714286,
  "ents_per_type":{
    "ORGANIZATION":{
      "p":0.9285714286,
      "r":0.8524590164,
      "f":0.8888888889
    },
    "MONEY":{
      "p":0.9736842105,
      "r":0.9736842105,
      "f":0.9736842105
    },
    "PRODUCT":{
      "p":0.72,
      "r":0.7826086957,
      "f":0.75
    },
    "PERCENT":{
      "p":1.0,
      "r":1.0,
      "f":1.0
    },
    "GPE":{
      "p":0.9107142857,
      "r":0.9807692308,
      "f":0.9444444444
    },
    "EVENT":{
      "p":0.8571428571,
      "r":0.8888888889,
      "f":0.8727272727
    },
    "DATE":{
      "p":0.7826086957,
      "r":0.9473684211,
      "f":0.8571428571
    },
    "LANGUAGE":{
      "p":1.0,
      "r":1.0,
      "f":1.0
    },
    "TIME":{
      "p":0.7,
      "r":0.7,
      "f":0.7
    },
    "LAW":{
      "p":1.0,
      "r":0.8571428571,
      "f":0.9230769231
    },
    "PERSON":{
      "p":0.9761904762,
      "r":0.9761904762,
      "f":0.9761904762
    },
    "FACILITY":{
      "p":0.8181818182,
      "r":0.9,
      "f":0.8571428571
    },
    "LOCATION":{
      "p":0.9473684211,
      "r":0.8571428571,
      "f":0.9
    },
    "CARDINAL":{
      "p":0.8571428571,
      "r":0.8571428571,
      "f":0.8571428571
    },
    "WORK OF ART":{
      "p":0.8484848485,
      "r":0.7567567568,
      "f":0.8
    },
    "ORDINAL":{
      "p":0.9090909091,
      "r":1.0,
      "f":0.9523809524
    },
    "NORP":{
      "p":0.8666666667,
      "r":0.8666666667,
      "f":0.8666666667
    },
    "QUANTITY":{
      "p":0.8965517241,
      "r":0.8965517241,
      "f":0.8965517241
    }
  },
  "speed":2428.1197969652
}