{
  "token_acc":0.9991895451,
  "token_p":0.9969607942,
  "token_r":0.9976682887,
  "token_f":0.997314416,
  "ents_p":0.7308228731,
  "ents_r":0.7694566814,
  "ents_f":0.7496423462,
  "ents_per_type":{
    "NORP":{
      "p":0.7037037037,
      "r":0.7450980392,
      "f":0.7238095238
    },
    "PERSON":{
      "p":0.9356725146,
      "r":0.9142857143,
      "f":0.9248554913
    },
    "GPE":{
      "p":0.9,
      "r":0.9350649351,
      "f":0.9171974522
    },
    "EVENT":{
      "p":0.6666666667,
      "r":0.3333333333,
      "f":0.4444444444
    },
    "ORGANIZATION":{
      "p":0.7232142857,
      "r":0.5586206897,
      "f":0.6303501946
    },
    "DATE":{
      "p":0.6551724138,
      "r":0.8507462687,
      "f":0.7402597403
    },
    "FACILITY":{
      "p":0.4,
      "r":0.6153846154,
      "f":0.4848484848
    },
    "CARDINAL":{
      "p":0.8153846154,
      "r":0.828125,
      "f":0.8217054264
    },
    "TIME":{
      "p":0.15,
      "r":0.2727272727,
      "f":0.1935483871
    },
    "LAW":{
      "p":0.0,
      "r":0.0,
      "f":0.0
    },
    "PERCENT":{
      "p":0.5,
      "r":0.5,
      "f":0.5
    },
    "MONEY":{
      "p":0.9375,
      "r":1.0,
      "f":0.9677419355
    },
    "WORK OF ART":{
      "p":0.2916666667,
      "r":0.4375,
      "f":0.35
    },
    "PRODUCT":{
      "p":0.2352941176,
      "r":1.0,
      "f":0.380952381
    },
    "QUANTITY":{
      "p":0.7777777778,
      "r":1.0,
      "f":0.875
    },
    "ORDINAL":{
      "p":0.7,
      "r":1.0,
      "f":0.8235294118
    },
    "LOCATION":{
      "p":0.3846153846,
      "r":0.8333333333,
      "f":0.5263157895
    },
    "LANGUAGE":{
      "p":0.0,
      "r":0.0,
      "f":0.0
    }
  },
  "speed":1983.8793620791
}