{
  "token_acc":1.0,
  "token_p":1.0,
  "token_r":1.0,
  "token_f":1.0,
  "ents_p":0.7621145374,
  "ents_r":0.7822155237,
  "ents_f":0.7720342135,
  "ents_per_type":{
    "PERSON":{
      "p":0.82,
      "r":0.8586387435,
      "f":0.8388746803
    },
    "NORP":{
      "p":0.6904761905,
      "r":0.7073170732,
      "f":0.6987951807
    },
    "CARDINAL":{
      "p":0.8902439024,
      "r":0.869047619,
      "f":0.8795180723
    },
    "QUANTITY":{
      "p":0.6774193548,
      "r":0.75,
      "f":0.7118644068
    },
    "FACILITY":{
      "p":0.4864864865,
      "r":0.72,
      "f":0.5806451613
    },
    "TIME":{
      "p":0.7272727273,
      "r":0.8888888889,
      "f":0.8
    },
    "WORK OF ART":{
      "p":0.3333333333,
      "r":0.3947368421,
      "f":0.3614457831
    },
    "ORGANIZATION":{
      "p":0.7838983051,
      "r":0.7429718876,
      "f":0.7628865979
    },
    "DATE":{
      "p":0.7772020725,
      "r":0.8241758242,
      "f":0.8
    },
    "ORDINAL":{
      "p":0.6,
      "r":0.8181818182,
      "f":0.6923076923
    },
    "GPE":{
      "p":0.7631578947,
      "r":0.8592592593,
      "f":0.8083623693
    },
    "MONEY":{
      "p":0.985915493,
      "r":0.9722222222,
      "f":0.979020979
    },
    "LOCATION":{
      "p":0.7435897436,
      "r":0.6304347826,
      "f":0.6823529412
    },
    "EVENT":{
      "p":0.5294117647,
      "r":0.4736842105,
      "f":0.5
    },
    "LAW":{
      "p":0.4285714286,
      "r":0.5294117647,
      "f":0.4736842105
    },
    "PRODUCT":{
      "p":0.5490196078,
      "r":0.4912280702,
      "f":0.5185185185
    },
    "PERCENT":{
      "p":1.0,
      "r":1.0,
      "f":1.0
    },
    "LANGUAGE":{
      "p":0.8461538462,
      "r":0.6470588235,
      "f":0.7333333333
    }
  },
  "speed":5228.7369867945
}