{
  "token_acc":1.0,
  "token_p":1.0,
  "token_r":1.0,
  "token_f":1.0,
  "ents_p":0.7734887109,
  "ents_r":0.8003014318,
  "ents_f":0.7866666667,
  "ents_per_type":{
    "PERSON":{
      "p":0.7980295567,
      "r":0.8481675393,
      "f":0.8223350254
    },
    "NORP":{
      "p":0.7631578947,
      "r":0.7073170732,
      "f":0.7341772152
    },
    "CARDINAL":{
      "p":0.8838709677,
      "r":0.8154761905,
      "f":0.8482972136
    },
    "QUANTITY":{
      "p":0.6363636364,
      "r":0.75,
      "f":0.6885245902
    },
    "FACILITY":{
      "p":0.6428571429,
      "r":0.72,
      "f":0.679245283
    },
    "TIME":{
      "p":0.75,
      "r":1.0,
      "f":0.8571428571
    },
    "ORGANIZATION":{
      "p":0.8130434783,
      "r":0.7510040161,
      "f":0.7807933194
    },
    "DATE":{
      "p":0.7641025641,
      "r":0.8186813187,
      "f":0.7904509284
    },
    "PRODUCT":{
      "p":0.4430379747,
      "r":0.6140350877,
      "f":0.5147058824
    },
    "ORDINAL":{
      "p":0.4666666667,
      "r":0.6363636364,
      "f":0.5384615385
    },
    "GPE":{
      "p":0.9212598425,
      "r":0.8666666667,
      "f":0.893129771
    },
    "MONEY":{
      "p":0.9861111111,
      "r":0.9861111111,
      "f":0.9861111111
    },
    "WORK OF ART":{
      "p":0.5675675676,
      "r":0.5526315789,
      "f":0.56
    },
    "LOCATION":{
      "p":0.640625,
      "r":0.8913043478,
      "f":0.7454545455
    },
    "EVENT":{
      "p":0.55,
      "r":0.5789473684,
      "f":0.5641025641
    },
    "LAW":{
      "p":0.55,
      "r":0.6470588235,
      "f":0.5945945946
    },
    "PERCENT":{
      "p":1.0,
      "r":1.0,
      "f":1.0
    },
    "LANGUAGE":{
      "p":0.7,
      "r":0.8235294118,
      "f":0.7567567568
    }
  },
  "speed":1347.5574838134
}