{
  "token_acc":1.0,
  "token_p":1.0,
  "token_r":1.0,
  "token_f":1.0,
  "ents_p":0.8479427549,
  "ents_r":0.8509874327,
  "ents_f":0.8494623656,
  "ents_per_type":{
    "ORGANIZATION":{
      "p":0.9375,
      "r":0.737704918,
      "f":0.8256880734
    },
    "MONEY":{
      "p":0.9230769231,
      "r":0.9473684211,
      "f":0.9350649351
    },
    "PRODUCT":{
      "p":0.7083333333,
      "r":0.7391304348,
      "f":0.7234042553
    },
    "PERCENT":{
      "p":0.935483871,
      "r":1.0,
      "f":0.9666666667
    },
    "GPE":{
      "p":0.875,
      "r":0.9423076923,
      "f":0.9074074074
    },
    "EVENT":{
      "p":0.8214285714,
      "r":0.8518518519,
      "f":0.8363636364
    },
    "DATE":{
      "p":0.7446808511,
      "r":0.9210526316,
      "f":0.8235294118
    },
    "LANGUAGE":{
      "p":0.95,
      "r":0.95,
      "f":0.95
    },
    "TIME":{
      "p":0.6,
      "r":0.6,
      "f":0.6
    },
    "QUANTITY":{
      "p":0.8709677419,
      "r":0.9310344828,
      "f":0.9
    },
    "LAW":{
      "p":0.5555555556,
      "r":0.7142857143,
      "f":0.625
    },
    "PERSON":{
      "p":0.8965517241,
      "r":0.9285714286,
      "f":0.9122807018
    },
    "FACILITY":{
      "p":0.7727272727,
      "r":0.85,
      "f":0.8095238095
    },
    "LOCATION":{
      "p":1.0,
      "r":0.6666666667,
      "f":0.8
    },
    "CARDINAL":{
      "p":0.8888888889,
      "r":0.7619047619,
      "f":0.8205128205
    },
    "WORK OF ART":{
      "p":0.78125,
      "r":0.6756756757,
      "f":0.7246376812
    },
    "ORDINAL":{
      "p":0.6666666667,
      "r":0.8,
      "f":0.7272727273
    },
    "NORP":{
      "p":0.8064516129,
      "r":0.8333333333,
      "f":0.8196721311
    }
  },
  "speed":1680.1360315466
}