{
  "token_acc":0.9991895451,
  "token_p":0.9969607942,
  "token_r":0.9976682887,
  "token_f":0.997314416,
  "ents_p":0.6403743316,
  "ents_r":0.7033773862,
  "ents_f":0.6703988803,
  "ents_per_type":{
    "NORP":{
      "p":0.6071428571,
      "r":0.6666666667,
      "f":0.6355140187
    },
    "PERSON":{
      "p":0.8539325843,
      "r":0.8685714286,
      "f":0.8611898017
    },
    "GPE":{
      "p":0.904109589,
      "r":0.8571428571,
      "f":0.88
    },
    "EVENT":{
      "p":0.4615384615,
      "r":0.3333333333,
      "f":0.3870967742
    },
    "ORGANIZATION":{
      "p":0.6417910448,
      "r":0.5931034483,
      "f":0.6164874552
    },
    "FACILITY":{
      "p":0.2916666667,
      "r":0.5384615385,
      "f":0.3783783784
    },
    "DATE":{
      "p":0.5584415584,
      "r":0.6417910448,
      "f":0.5972222222
    },
    "WORK OF ART":{
      "p":0.0,
      "r":0.0,
      "f":0.0
    },
    "ORDINAL":{
      "p":0.4666666667,
      "r":1.0,
      "f":0.6363636364
    },
    "CARDINAL":{
      "p":0.8103448276,
      "r":0.734375,
      "f":0.7704918033
    },
    "PRODUCT":{
      "p":0.1666666667,
      "r":1.0,
      "f":0.2857142857
    },
    "LAW":{
      "p":0.0,
      "r":0.0,
      "f":0.0
    },
    "PERCENT":{
      "p":0.5,
      "r":0.5,
      "f":0.5
    },
    "MONEY":{
      "p":0.9333333333,
      "r":0.9333333333,
      "f":0.9333333333
    },
    "TIME":{
      "p":0.15,
      "r":0.2727272727,
      "f":0.1935483871
    },
    "QUANTITY":{
      "p":1.0,
      "r":1.0,
      "f":1.0
    },
    "LOCATION":{
      "p":0.2857142857,
      "r":0.3333333333,
      "f":0.3076923077
    },
    "LANGUAGE":{
      "p":0.0,
      "r":0.0,
      "f":0.0
    }
  },
  "speed":1964.8625451626
}