{
  "token_acc":1.0,
  "token_p":1.0,
  "token_r":1.0,
  "token_f":1.0,
  "ents_p":0.4782308224,
  "ents_r":0.5214770158,
  "ents_f":0.4989185292,
  "ents_per_type":{
    "PERSON":{
      "p":0.5497630332,
      "r":0.6073298429,
      "f":0.5771144279
    },
    "NORP":{
      "p":0.5714285714,
      "r":0.5853658537,
      "f":0.578313253
    },
    "CARDINAL":{
      "p":0.7363636364,
      "r":0.4821428571,
      "f":0.5827338129
    },
    "QUANTITY":{
      "p":0.7777777778,
      "r":0.75,
      "f":0.7636363636
    },
    "FACILITY":{
      "p":0.1549295775,
      "r":0.44,
      "f":0.2291666667
    },
    "DATE":{
      "p":0.5606936416,
      "r":0.532967033,
      "f":0.5464788732
    },
    "TIME":{
      "p":0.3076923077,
      "r":0.4444444444,
      "f":0.3636363636
    },
    "ORGANIZATION":{
      "p":0.4736842105,
      "r":0.4698795181,
      "f":0.4717741935
    },
    "PRODUCT":{
      "p":0.0945945946,
      "r":0.2456140351,
      "f":0.1365853659
    },
    "ORDINAL":{
      "p":0.1111111111,
      "r":0.1818181818,
      "f":0.1379310345
    },
    "GPE":{
      "p":0.8272727273,
      "r":0.6740740741,
      "f":0.7428571429
    },
    "WORK OF ART":{
      "p":0.0285714286,
      "r":0.0526315789,
      "f":0.037037037
    },
    "MONEY":{
      "p":0.7307692308,
      "r":0.7916666667,
      "f":0.76
    },
    "LOCATION":{
      "p":0.5675675676,
      "r":0.4565217391,
      "f":0.5060240964
    },
    "EVENT":{
      "p":0.2173913043,
      "r":0.2631578947,
      "f":0.2380952381
    },
    "LAW":{
      "p":0.2424242424,
      "r":0.4705882353,
      "f":0.32
    },
    "PERCENT":{
      "p":0.9285714286,
      "r":1.0,
      "f":0.962962963
    },
    "LANGUAGE":{
      "p":0.4444444444,
      "r":0.2352941176,
      "f":0.3076923077
    }
  },
  "speed":1369.9181794354
}