{
  "token_acc":0.9991895451,
  "token_p":0.9969607942,
  "token_r":0.9976682887,
  "token_f":0.997314416,
  "ents_p":0.5803814714,
  "ents_r":0.6255506608,
  "ents_f":0.6021201413,
  "ents_per_type":{
    "PERSON":{
      "p":0.9146341463,
      "r":0.8571428571,
      "f":0.8849557522
    },
    "GPE":{
      "p":0.8405797101,
      "r":0.7532467532,
      "f":0.7945205479
    },
    "WORK OF ART":{
      "p":0.0,
      "r":0.0,
      "f":0.0
    },
    "NORP":{
      "p":0.4897959184,
      "r":0.4705882353,
      "f":0.48
    },
    "EVENT":{
      "p":0.2608695652,
      "r":0.3333333333,
      "f":0.2926829268
    },
    "ORGANIZATION":{
      "p":0.6538461538,
      "r":0.4689655172,
      "f":0.546184739
    },
    "LAW":{
      "p":0.0,
      "r":0.0,
      "f":0.0
    },
    "LANGUAGE":{
      "p":0.0,
      "r":0.0,
      "f":0.0
    },
    "ORDINAL":{
      "p":0.5,
      "r":1.0,
      "f":0.6666666667
    },
    "DATE":{
      "p":0.6111111111,
      "r":0.6567164179,
      "f":0.6330935252
    },
    "FACILITY":{
      "p":0.1724137931,
      "r":0.3846153846,
      "f":0.2380952381
    },
    "CARDINAL":{
      "p":0.7111111111,
      "r":0.5,
      "f":0.5871559633
    },
    "PERCENT":{
      "p":0.3333333333,
      "r":0.5,
      "f":0.4
    },
    "MONEY":{
      "p":0.9333333333,
      "r":0.9333333333,
      "f":0.9333333333
    },
    "TIME":{
      "p":0.1739130435,
      "r":0.3636363636,
      "f":0.2352941176
    },
    "PRODUCT":{
      "p":0.1379310345,
      "r":1.0,
      "f":0.2424242424
    },
    "QUANTITY":{
      "p":0.5454545455,
      "r":0.8571428571,
      "f":0.6666666667
    },
    "LOCATION":{
      "p":0.2727272727,
      "r":0.5,
      "f":0.3529411765
    }
  },
  "speed":164.504932242
}