{
  "token_acc":1.0,
  "token_p":1.0,
  "token_r":1.0,
  "token_f":1.0,
  "ents_p":0.4821834723,
  "ents_r":0.4792765637,
  "ents_f":0.4807256236,
  "ents_per_type":{
    "PERSON":{
      "p":0.6269430052,
      "r":0.6335078534,
      "f":0.6302083333
    },
    "CARDINAL":{
      "p":0.6875,
      "r":0.3273809524,
      "f":0.4435483871
    },
    "NORP":{
      "p":0.6176470588,
      "r":0.512195122,
      "f":0.56
    },
    "QUANTITY":{
      "p":0.5384615385,
      "r":0.75,
      "f":0.6268656716
    },
    "FACILITY":{
      "p":0.2448979592,
      "r":0.48,
      "f":0.3243243243
    },
    "DATE":{
      "p":0.4444444444,
      "r":0.4615384615,
      "f":0.4528301887
    },
    "TIME":{
      "p":0.3928571429,
      "r":0.6111111111,
      "f":0.4782608696
    },
    "ORGANIZATION":{
      "p":0.5482233503,
      "r":0.4337349398,
      "f":0.4843049327
    },
    "PRODUCT":{
      "p":0.07,
      "r":0.1228070175,
      "f":0.0891719745
    },
    "ORDINAL":{
      "p":0.1304347826,
      "r":0.2727272727,
      "f":0.1764705882
    },
    "MONEY":{
      "p":0.6753246753,
      "r":0.7222222222,
      "f":0.6979865772
    },
    "GPE":{
      "p":0.7981651376,
      "r":0.6444444444,
      "f":0.7131147541
    },
    "WORK OF ART":{
      "p":0.0294117647,
      "r":0.0526315789,
      "f":0.0377358491
    },
    "LAW":{
      "p":0.1388888889,
      "r":0.2941176471,
      "f":0.1886792453
    },
    "LOCATION":{
      "p":0.5306122449,
      "r":0.5652173913,
      "f":0.5473684211
    },
    "EVENT":{
      "p":0.1666666667,
      "r":0.2105263158,
      "f":0.1860465116
    },
    "LANGUAGE":{
      "p":0.3636363636,
      "r":0.2352941176,
      "f":0.2857142857
    },
    "PERCENT":{
      "p":1.0,
      "r":1.0,
      "f":1.0
    }
  },
  "speed":1383.0822824793
}