{
  "token_acc":1.0,
  "token_p":1.0,
  "token_r":1.0,
  "token_f":1.0,
  "ents_p":0.9081081081,
  "ents_r":0.9048473968,
  "ents_f":0.9064748201,
  "ents_per_type":{
    "ORGANIZATION":{
      "p":0.8571428571,
      "r":0.8852459016,
      "f":0.8709677419
    },
    "MONEY":{
      "p":0.9736842105,
      "r":0.9736842105,
      "f":0.9736842105
    },
    "PRODUCT":{
      "p":0.7391304348,
      "r":0.7391304348,
      "f":0.7391304348
    },
    "PERCENT":{
      "p":0.9666666667,
      "r":1.0,
      "f":0.9830508475
    },
    "GPE":{
      "p":0.9107142857,
      "r":0.9807692308,
      "f":0.9444444444
    },
    "EVENT":{
      "p":0.8846153846,
      "r":0.8518518519,
      "f":0.8679245283
    },
    "DATE":{
      "p":0.9,
      "r":0.9473684211,
      "f":0.9230769231
    },
    "WORK OF ART":{
      "p":0.8684210526,
      "r":0.8918918919,
      "f":0.88
    },
    "LANGUAGE":{
      "p":1.0,
      "r":0.9,
      "f":0.9473684211
    },
    "TIME":{
      "p":0.8,
      "r":0.8,
      "f":0.8
    },
    "LAW":{
      "p":1.0,
      "r":1.0,
      "f":1.0
    },
    "FACILITY":{
      "p":0.9047619048,
      "r":0.95,
      "f":0.9268292683
    },
    "PERSON":{
      "p":0.9625,
      "r":0.9166666667,
      "f":0.9390243902
    },
    "CARDINAL":{
      "p":0.9090909091,
      "r":0.9523809524,
      "f":0.9302325581
    },
    "LOCATION":{
      "p":0.9375,
      "r":0.7142857143,
      "f":0.8108108108
    },
    "ORDINAL":{
      "p":0.8333333333,
      "r":1.0,
      "f":0.9090909091
    },
    "NORP":{
      "p":0.8571428571,
      "r":0.8,
      "f":0.8275862069
    },
    "QUANTITY":{
      "p":0.962962963,
      "r":0.8965517241,
      "f":0.9285714286
    }
  },
  "speed":1764.8785189671
}