{
  "token_acc":1.0,
  "token_p":1.0,
  "token_r":1.0,
  "token_f":1.0,
  "ents_p":0.4306463326,
  "ents_r":0.4468726451,
  "ents_f":0.4386094675,
  "ents_per_type":{
    "PERSON":{
      "p":0.7295597484,
      "r":0.6073298429,
      "f":0.6628571429
    },
    "CARDINAL":{
      "p":0.7466666667,
      "r":0.3333333333,
      "f":0.4609053498
    },
    "NORP":{
      "p":0.3653846154,
      "r":0.4634146341,
      "f":0.4086021505
    },
    "QUANTITY":{
      "p":0.5833333333,
      "r":0.75,
      "f":0.65625
    },
    "GPE":{
      "p":0.7543859649,
      "r":0.637037037,
      "f":0.6907630522
    },
    "FACILITY":{
      "p":0.0869565217,
      "r":0.32,
      "f":0.1367521368
    },
    "TIME":{
      "p":0.1463414634,
      "r":0.3333333333,
      "f":0.2033898305
    },
    "WORK OF ART":{
      "p":0.0677966102,
      "r":0.2105263158,
      "f":0.1025641026
    },
    "ORGANIZATION":{
      "p":0.6241134752,
      "r":0.3534136546,
      "f":0.4512820513
    },
    "MONEY":{
      "p":0.75,
      "r":0.75,
      "f":0.75
    },
    "DATE":{
      "p":0.5833333333,
      "r":0.4615384615,
      "f":0.5153374233
    },
    "ORDINAL":{
      "p":0.1875,
      "r":0.2727272727,
      "f":0.2222222222
    },
    "EVENT":{
      "p":0.0412371134,
      "r":0.2105263158,
      "f":0.0689655172
    },
    "PRODUCT":{
      "p":0.0373831776,
      "r":0.0701754386,
      "f":0.0487804878
    },
    "LOCATION":{
      "p":0.2954545455,
      "r":0.2826086957,
      "f":0.2888888889
    },
    "LAW":{
      "p":0.2105263158,
      "r":0.4705882353,
      "f":0.2909090909
    },
    "LANGUAGE":{
      "p":0.1578947368,
      "r":0.1764705882,
      "f":0.1666666667
    },
    "PERCENT":{
      "p":1.0,
      "r":0.9230769231,
      "f":0.96
    }
  },
  "speed":184.607352032
}