{
  "token_acc":1.0,
  "token_p":1.0,
  "token_r":1.0,
  "token_f":1.0,
  "ents_p":0.9270462633,
  "ents_r":0.9353680431,
  "ents_f":0.9311885612,
  "ents_per_type":{
    "ORGANIZATION":{
      "p":0.9642857143,
      "r":0.8852459016,
      "f":0.9230769231
    },
    "MONEY":{
      "p":0.9736842105,
      "r":0.9736842105,
      "f":0.9736842105
    },
    "PRODUCT":{
      "p":0.875,
      "r":0.9130434783,
      "f":0.8936170213
    },
    "PERCENT":{
      "p":1.0,
      "r":1.0,
      "f":1.0
    },
    "GPE":{
      "p":0.8771929825,
      "r":0.9615384615,
      "f":0.9174311927
    },
    "EVENT":{
      "p":0.9259259259,
      "r":0.9259259259,
      "f":0.9259259259
    },
    "DATE":{
      "p":0.8604651163,
      "r":0.9736842105,
      "f":0.9135802469
    },
    "WORK OF ART":{
      "p":0.9,
      "r":0.972972973,
      "f":0.9350649351
    },
    "LANGUAGE":{
      "p":1.0,
      "r":0.9,
      "f":0.9473684211
    },
    "TIME":{
      "p":0.8,
      "r":0.8,
      "f":0.8
    },
    "LAW":{
      "p":1.0,
      "r":1.0,
      "f":1.0
    },
    "PERSON":{
      "p":0.9759036145,
      "r":0.9642857143,
      "f":0.9700598802
    },
    "FACILITY":{
      "p":0.9473684211,
      "r":0.9,
      "f":0.9230769231
    },
    "CARDINAL":{
      "p":0.9047619048,
      "r":0.9047619048,
      "f":0.9047619048
    },
    "LOCATION":{
      "p":0.9411764706,
      "r":0.7619047619,
      "f":0.8421052632
    },
    "ORDINAL":{
      "p":0.8333333333,
      "r":1.0,
      "f":0.9090909091
    },
    "NORP":{
      "p":0.8709677419,
      "r":0.9,
      "f":0.8852459016
    },
    "QUANTITY":{
      "p":0.9333333333,
      "r":0.9655172414,
      "f":0.9491525424
    }
  },
  "speed":2536.1826555158
}