{
  "token_acc":0.9991895451,
  "token_p":0.9969607942,
  "token_r":0.9976682887,
  "token_f":0.997314416,
  "ents_p":0.6380027739,
  "ents_r":0.6754772394,
  "ents_f":0.6562054208,
  "ents_per_type":{
    "NORP":{
      "p":0.5862068966,
      "r":0.6666666667,
      "f":0.623853211
    },
    "PERSON":{
      "p":0.9325153374,
      "r":0.8685714286,
      "f":0.899408284
    },
    "GPE":{
      "p":0.9154929577,
      "r":0.8441558442,
      "f":0.8783783784
    },
    "EVENT":{
      "p":0.4545454545,
      "r":0.2777777778,
      "f":0.3448275862
    },
    "ORGANIZATION":{
      "p":0.6814159292,
      "r":0.5310344828,
      "f":0.5968992248
    },
    "DATE":{
      "p":0.523255814,
      "r":0.671641791,
      "f":0.5882352941
    },
    "WORK OF ART":{
      "p":0.0,
      "r":0.0,
      "f":0.0
    },
    "LANGUAGE":{
      "p":0.0,
      "r":0.0,
      "f":0.0
    },
    "ORDINAL":{
      "p":0.4666666667,
      "r":1.0,
      "f":0.6363636364
    },
    "FACILITY":{
      "p":0.3181818182,
      "r":0.5384615385,
      "f":0.4
    },
    "CARDINAL":{
      "p":0.75,
      "r":0.5625,
      "f":0.6428571429
    },
    "TIME":{
      "p":0.15,
      "r":0.2727272727,
      "f":0.1935483871
    },
    "LAW":{
      "p":0.0,
      "r":0.0,
      "f":0.0
    },
    "PERCENT":{
      "p":0.5,
      "r":0.5,
      "f":0.5
    },
    "MONEY":{
      "p":0.9375,
      "r":1.0,
      "f":0.9677419355
    },
    "PRODUCT":{
      "p":0.2222222222,
      "r":1.0,
      "f":0.3636363636
    },
    "QUANTITY":{
      "p":0.7,
      "r":1.0,
      "f":0.8235294118
    },
    "LOCATION":{
      "p":0.2222222222,
      "r":0.3333333333,
      "f":0.2666666667
    }
  },
  "speed":1998.8080996659
}