{
  "token_acc":1.0,
  "token_p":1.0,
  "token_r":1.0,
  "token_f":1.0,
  "ents_p":0.8953900709,
  "ents_r":0.9066427289,
  "ents_f":0.9009812667,
  "ents_per_type":{
    "ORGANIZATION":{
      "p":0.9016393443,
      "r":0.9016393443,
      "f":0.9016393443
    },
    "MONEY":{
      "p":0.9487179487,
      "r":0.9736842105,
      "f":0.961038961
    },
    "PRODUCT":{
      "p":0.6363636364,
      "r":0.6086956522,
      "f":0.6222222222
    },
    "PERCENT":{
      "p":1.0,
      "r":0.9655172414,
      "f":0.9824561404
    },
    "GPE":{
      "p":0.9433962264,
      "r":0.9615384615,
      "f":0.9523809524
    },
    "EVENT":{
      "p":0.84,
      "r":0.7777777778,
      "f":0.8076923077
    },
    "DATE":{
      "p":0.8604651163,
      "r":0.9736842105,
      "f":0.9135802469
    },
    "WORK OF ART":{
      "p":0.8571428571,
      "r":0.8108108108,
      "f":0.8333333333
    },
    "LANGUAGE":{
      "p":1.0,
      "r":0.85,
      "f":0.9189189189
    },
    "TIME":{
      "p":0.7272727273,
      "r":0.8,
      "f":0.7619047619
    },
    "LAW":{
      "p":1.0,
      "r":0.8571428571,
      "f":0.9230769231
    },
    "FACILITY":{
      "p":0.8695652174,
      "r":1.0,
      "f":0.9302325581
    },
    "PERSON":{
      "p":0.9425287356,
      "r":0.9761904762,
      "f":0.9590643275
    },
    "LOCATION":{
      "p":0.8636363636,
      "r":0.9047619048,
      "f":0.8837209302
    },
    "CARDINAL":{
      "p":1.0,
      "r":0.9523809524,
      "f":0.9756097561
    },
    "ORDINAL":{
      "p":0.8333333333,
      "r":1.0,
      "f":0.9090909091
    },
    "NORP":{
      "p":0.7931034483,
      "r":0.7666666667,
      "f":0.7796610169
    },
    "QUANTITY":{
      "p":0.9032258065,
      "r":0.9655172414,
      "f":0.9333333333
    }
  },
  "speed":428.194212368
}