{
  "token_acc":1.0,
  "token_p":1.0,
  "token_r":1.0,
  "token_f":1.0,
  "ents_p":0.7346938776,
  "ents_r":0.710951526,
  "ents_f":0.7226277372,
  "ents_per_type":{
    "ORGANIZATION":{
      "p":0.7368421053,
      "r":0.6885245902,
      "f":0.7118644068
    },
    "MONEY":{
      "p":0.7027027027,
      "r":0.6842105263,
      "f":0.6933333333
    },
    "PRODUCT":{
      "p":0.4736842105,
      "r":0.3913043478,
      "f":0.4285714286
    },
    "PERCENT":{
      "p":0.9666666667,
      "r":1.0,
      "f":0.9830508475
    },
    "GPE":{
      "p":0.7205882353,
      "r":0.9423076923,
      "f":0.8166666667
    },
    "EVENT":{
      "p":0.6428571429,
      "r":0.6666666667,
      "f":0.6545454545
    },
    "DATE":{
      "p":0.6875,
      "r":0.8684210526,
      "f":0.7674418605
    },
    "LANGUAGE":{
      "p":0.9285714286,
      "r":0.65,
      "f":0.7647058824
    },
    "TIME":{
      "p":0.875,
      "r":0.7,
      "f":0.7777777778
    },
    "PERSON":{
      "p":0.9024390244,
      "r":0.880952381,
      "f":0.8915662651
    },
    "CARDINAL":{
      "p":0.56,
      "r":0.6666666667,
      "f":0.6086956522
    },
    "LAW":{
      "p":0.5714285714,
      "r":0.5714285714,
      "f":0.5714285714
    },
    "FACILITY":{
      "p":0.7368421053,
      "r":0.7,
      "f":0.7179487179
    },
    "LOCATION":{
      "p":0.75,
      "r":0.4285714286,
      "f":0.5454545455
    },
    "WORK OF ART":{
      "p":0.4347826087,
      "r":0.2702702703,
      "f":0.3333333333
    },
    "ORDINAL":{
      "p":0.6666666667,
      "r":0.6,
      "f":0.6315789474
    },
    "NORP":{
      "p":0.5925925926,
      "r":0.5333333333,
      "f":0.5614035088
    },
    "QUANTITY":{
      "p":0.8846153846,
      "r":0.7931034483,
      "f":0.8363636364
    }
  },
  "speed":1720.1883462693
}