{
  "token_acc":1.0,
  "token_p":1.0,
  "token_r":1.0,
  "token_f":1.0,
  "ents_p":0.8035062089,
  "ents_r":0.8289374529,
  "ents_f":0.8160237389,
  "ents_per_type":{
    "PERSON":{
      "p":0.8349514563,
      "r":0.9005235602,
      "f":0.8664987406
    },
    "NORP":{
      "p":0.7173913043,
      "r":0.8048780488,
      "f":0.7586206897
    },
    "CARDINAL":{
      "p":0.8268156425,
      "r":0.880952381,
      "f":0.8530259366
    },
    "QUANTITY":{
      "p":0.7586206897,
      "r":0.7857142857,
      "f":0.7719298246
    },
    "FACILITY":{
      "p":0.7142857143,
      "r":0.8,
      "f":0.7547169811
    },
    "TIME":{
      "p":0.8095238095,
      "r":0.9444444444,
      "f":0.8717948718
    },
    "ORGANIZATION":{
      "p":0.870292887,
      "r":0.8353413655,
      "f":0.8524590164
    },
    "DATE":{
      "p":0.7923497268,
      "r":0.7967032967,
      "f":0.7945205479
    },
    "ORDINAL":{
      "p":0.5555555556,
      "r":0.9090909091,
      "f":0.6896551724
    },
    "GPE":{
      "p":0.8541666667,
      "r":0.9111111111,
      "f":0.8817204301
    },
    "MONEY":{
      "p":1.0,
      "r":0.9861111111,
      "f":0.993006993
    },
    "WORK OF ART":{
      "p":0.5681818182,
      "r":0.6578947368,
      "f":0.6097560976
    },
    "LOCATION":{
      "p":0.7380952381,
      "r":0.6739130435,
      "f":0.7045454545
    },
    "EVENT":{
      "p":0.4193548387,
      "r":0.6842105263,
      "f":0.52
    },
    "LAW":{
      "p":0.5333333333,
      "r":0.4705882353,
      "f":0.5
    },
    "PRODUCT":{
      "p":0.6734693878,
      "r":0.5789473684,
      "f":0.6226415094
    },
    "PERCENT":{
      "p":1.0,
      "r":1.0,
      "f":1.0
    },
    "LANGUAGE":{
      "p":0.7272727273,
      "r":0.4705882353,
      "f":0.5714285714
    }
  },
  "speed":1342.362169394
}