{
  "token_acc":1.0,
  "token_p":1.0,
  "token_r":1.0,
  "token_f":1.0,
  "ents_p":0.7688172043,
  "ents_r":0.7701974865,
  "ents_f":0.7695067265,
  "ents_per_type":{
    "ORGANIZATION":{
      "p":0.7903225806,
      "r":0.8032786885,
      "f":0.7967479675
    },
    "MONEY":{
      "p":0.7027027027,
      "r":0.6842105263,
      "f":0.6933333333
    },
    "PRODUCT":{
      "p":0.4545454545,
      "r":0.4347826087,
      "f":0.4444444444
    },
    "PERCENT":{
      "p":0.9666666667,
      "r":1.0,
      "f":0.9830508475
    },
    "GPE":{
      "p":0.776119403,
      "r":1.0,
      "f":0.8739495798
    },
    "EVENT":{
      "p":0.6774193548,
      "r":0.7777777778,
      "f":0.724137931
    },
    "DATE":{
      "p":0.7291666667,
      "r":0.9210526316,
      "f":0.8139534884
    },
    "LANGUAGE":{
      "p":0.9285714286,
      "r":0.65,
      "f":0.7647058824
    },
    "TIME":{
      "p":0.875,
      "r":0.7,
      "f":0.7777777778
    },
    "PERSON":{
      "p":0.9318181818,
      "r":0.9761904762,
      "f":0.9534883721
    },
    "CARDINAL":{
      "p":0.6,
      "r":0.7142857143,
      "f":0.652173913
    },
    "LAW":{
      "p":0.6666666667,
      "r":0.5714285714,
      "f":0.6153846154
    },
    "FACILITY":{
      "p":0.8,
      "r":0.8,
      "f":0.8
    },
    "LOCATION":{
      "p":1.0,
      "r":0.4761904762,
      "f":0.6451612903
    },
    "WORK OF ART":{
      "p":0.5,
      "r":0.3513513514,
      "f":0.4126984127
    },
    "ORDINAL":{
      "p":0.7777777778,
      "r":0.7,
      "f":0.7368421053
    },
    "NORP":{
      "p":0.5517241379,
      "r":0.5333333333,
      "f":0.5423728814
    },
    "QUANTITY":{
      "p":0.9230769231,
      "r":0.8275862069,
      "f":0.8727272727
    }
  },
  "speed":2444.3839094186
}