{
  "token_acc":0.9991895451,
  "token_p":0.9969607942,
  "token_r":0.9976682887,
  "token_f":0.997314416,
  "ents_p":0.7777777778,
  "ents_r":0.812041116,
  "ents_f":0.7945402299,
  "ents_per_type":{
    "NORP":{
      "p":0.7413793103,
      "r":0.8431372549,
      "f":0.7889908257
    },
    "PERSON":{
      "p":0.8870967742,
      "r":0.9428571429,
      "f":0.9141274238
    },
    "GPE":{
      "p":0.8928571429,
      "r":0.974025974,
      "f":0.9316770186
    },
    "EVENT":{
      "p":0.4285714286,
      "r":0.3333333333,
      "f":0.375
    },
    "ORGANIZATION":{
      "p":0.7398373984,
      "r":0.6275862069,
      "f":0.6791044776
    },
    "DATE":{
      "p":0.7307692308,
      "r":0.8507462687,
      "f":0.7862068966
    },
    "FACILITY":{
      "p":0.7857142857,
      "r":0.8461538462,
      "f":0.8148148148
    },
    "CARDINAL":{
      "p":0.7857142857,
      "r":0.859375,
      "f":0.8208955224
    },
    "QUANTITY":{
      "p":0.6,
      "r":0.8571428571,
      "f":0.7058823529
    },
    "LAW":{
      "p":0.0,
      "r":0.0,
      "f":0.0
    },
    "PERCENT":{
      "p":0.5,
      "r":0.5,
      "f":0.5
    },
    "MONEY":{
      "p":0.9375,
      "r":1.0,
      "f":0.9677419355
    },
    "WORK OF ART":{
      "p":0.6666666667,
      "r":0.625,
      "f":0.6451612903
    },
    "TIME":{
      "p":0.4,
      "r":0.5454545455,
      "f":0.4615384615
    },
    "ORDINAL":{
      "p":0.8571428571,
      "r":0.8571428571,
      "f":0.8571428571
    },
    "PRODUCT":{
      "p":0.2222222222,
      "r":0.5,
      "f":0.3076923077
    },
    "LOCATION":{
      "p":0.6666666667,
      "r":0.6666666667,
      "f":0.6666666667
    }
  },
  "speed":1934.5514424754
}