{
  "token_acc":1.0,
  "token_p":1.0,
  "token_r":1.0,
  "token_f":1.0,
  "ents_p":0.5798090041,
  "ents_r":0.624082232,
  "ents_f":0.6011315417,
  "ents_per_type":{
    "PERSON":{
      "p":0.9090909091,
      "r":0.8571428571,
      "f":0.8823529412
    },
    "GPE":{
      "p":0.8405797101,
      "r":0.7532467532,
      "f":0.7945205479
    },
    "WORK OF ART":{
      "p":0.0,
      "r":0.0,
      "f":0.0
    },
    "NORP":{
      "p":0.5,
      "r":0.4705882353,
      "f":0.4848484848
    },
    "EVENT":{
      "p":0.2857142857,
      "r":0.3333333333,
      "f":0.3076923077
    },
    "ORGANIZATION":{
      "p":0.6538461538,
      "r":0.4689655172,
      "f":0.546184739
    },
    "LAW":{
      "p":0.0,
      "r":0.0,
      "f":0.0
    },
    "LANGUAGE":{
      "p":0.0,
      "r":0.0,
      "f":0.0
    },
    "ORDINAL":{
      "p":0.5,
      "r":1.0,
      "f":0.6666666667
    },
    "DATE":{
      "p":0.6111111111,
      "r":0.6567164179,
      "f":0.6330935252
    },
    "FACILITY":{
      "p":0.1724137931,
      "r":0.3846153846,
      "f":0.2380952381
    },
    "CARDINAL":{
      "p":0.6888888889,
      "r":0.484375,
      "f":0.5688073394
    },
    "PERCENT":{
      "p":0.3333333333,
      "r":0.5,
      "f":0.4
    },
    "MONEY":{
      "p":0.9333333333,
      "r":0.9333333333,
      "f":0.9333333333
    },
    "TIME":{
      "p":0.1666666667,
      "r":0.3636363636,
      "f":0.2285714286
    },
    "PRODUCT":{
      "p":0.1379310345,
      "r":1.0,
      "f":0.2424242424
    },
    "QUANTITY":{
      "p":0.5454545455,
      "r":0.8571428571,
      "f":0.6666666667
    },
    "LOCATION":{
      "p":0.2727272727,
      "r":0.5,
      "f":0.3529411765
    }
  },
  "speed":6465.7619143305
}