{
  "token_acc":0.9992023928,
  "token_p":0.9970089731,
  "token_r":0.9977052779,
  "token_f":0.9973570039,
  "ents_p":0.5634920635,
  "ents_r":0.6085714286,
  "ents_f":0.5851648352,
  "ents_per_type":{
    "PERSON":{
      "p":0.8823529412,
      "r":0.8571428571,
      "f":0.8695652174
    },
    "GPE":{
      "p":0.8405797101,
      "r":0.7532467532,
      "f":0.7945205479
    },
    "WORK OF ART":{
      "p":0.0,
      "r":0.0,
      "f":0.0
    },
    "NORP":{
      "p":0.4897959184,
      "r":0.4705882353,
      "f":0.48
    },
    "EVENT":{
      "p":0.2608695652,
      "r":0.3333333333,
      "f":0.2926829268
    },
    "ORGANIZATION":{
      "p":0.623853211,
      "r":0.4689655172,
      "f":0.5354330709
    },
    "LAW":{
      "p":0.0,
      "r":0.0,
      "f":0.0
    },
    "LANGUAGE":{
      "p":0.0,
      "r":0.0,
      "f":0.0
    },
    "ORDINAL":{
      "p":0.5,
      "r":1.0,
      "f":0.6666666667
    },
    "DATE":{
      "p":0.5866666667,
      "r":0.6567164179,
      "f":0.6197183099
    },
    "FACILITY":{
      "p":0.1724137931,
      "r":0.3846153846,
      "f":0.2380952381
    },
    "CARDINAL":{
      "p":0.6956521739,
      "r":0.5,
      "f":0.5818181818
    },
    "PERCENT":{
      "p":0.3333333333,
      "r":0.5,
      "f":0.4
    },
    "MONEY":{
      "p":0.9333333333,
      "r":0.9333333333,
      "f":0.9333333333
    },
    "TIME":{
      "p":0.1739130435,
      "r":0.3636363636,
      "f":0.2352941176
    },
    "PRODUCT":{
      "p":0.125,
      "r":1.0,
      "f":0.2222222222
    },
    "QUANTITY":{
      "p":0.5454545455,
      "r":0.8571428571,
      "f":0.6666666667
    },
    "LOC":{
      "p":0.0,
      "r":0.0,
      "f":0.0
    },
    "ORG":{
      "p":0.0,
      "r":0.0,
      "f":0.0
    },
    "PER":{
      "p":0.0,
      "r":0.0,
      "f":0.0
    },
    "LOCATION":{
      "p":0.2727272727,
      "r":0.5,
      "f":0.3529411765
    },
    "MISC":{
      "p":0.0,
      "r":0.0,
      "f":0.0
    },
    "WORK_OF_ART":{
      "p":0.0,
      "r":0.0,
      "f":0.0
    }
  },
  "speed":6820.9569717297
}